Feature,Importance
Feet,0.19437233024790868
Skin,0.10948799894058148
Cheeks,0.10687488649013943
Hands,0.06806608322583341
Ears,0.06621298578274323
Legs,0.06583758275380176
Shoulders,0.06443268095606927
Arms,0.06314285751163336
Neck,0.05479827891014086
Jawline,0.05273683406976309
Facial Structure,0.03576831748320378
Hair,0.03457605412932916
Nose,0.02125563084738528
Chest,0.01764366461046565
Eyes,0.014171128708096602
Lips,0.01375602413324864
Tongue,0.011540185277150675
Nails,0.00532647592250569
